,url,time
0,http://localhost:5000/safe/1/page?id=1,1.510839
1,http://localhost:5000/safe/1/page?id=1,2.671653
2,http://localhost:5000/safe/1/page?id=1,6.280174
3,http://localhost:5000/safe/1/page?id=1,6.494038
4,http://localhost:5000/safe/1/page?id=1,3.707104
5,http://localhost:5000/safe/1/page?id=1,2.193552
6,http://localhost:5000/safe/1/page?id=1,1.56508
7,http://localhost:5000/safe/1/page?id=1,1.726044
8,http://localhost:5000/safe/1/page?id=1,2.642512
9,http://localhost:5000/safe/1/page?id=1,3.558674
10,http://localhost:5000/safe/1/page?id=1,3.386368
11,http://localhost:5000/safe/1/page?id=1,3.146394
12,http://localhost:5000/safe/1/page?id=1,1.260658
13,http://localhost:5000/safe/1/page?id=1,2.339938
14,http://localhost:5000/safe/1/page?id=1,1.758862
15,http://localhost:5000/safe/1/page?id=1,2.508698
16,http://localhost:5000/safe/1/page?id=1,2.761769
17,http://localhost:5000/safe/1/page?id=1,2.720987
18,http://localhost:5000/safe/1/page?id=1,3.514764
19,http://localhost:5000/safe/1/page?id=1,4.068813
20,http://localhost:5000/safe/1/page?id=1,2.147783
21,http://localhost:5000/safe/1/page?id=1,2.302106
22,http://localhost:5000/safe/1/page?id=1,2.914675
23,http://localhost:5000/safe/1/page?id=1,2.843442
24,http://localhost:5000/safe/1/page?id=1,6.743778
25,http://localhost:5000/safe/1/page?id=1,3.108173
26,http://localhost:5000/safe/1/page?id=1,1.54997
27,http://localhost:5000/safe/1/page?id=1,5.070404
28,http://localhost:5000/safe/1/page?id=1,2.630846
29,http://localhost:5000/safe/1/page?id=1,3.288559
30,http://localhost:5000/safe/1/page?id=1,7.373454
31,http://localhost:5000/safe/1/page?id=1,3.502732
32,http://localhost:5000/safe/1/page?id=1,2.47896
33,http://localhost:5000/safe/1/page?id=1,1.783277
34,http://localhost:5000/safe/1/page?id=1,3.129896
35,http://localhost:5000/safe/1/page?id=1,7.569896
36,http://localhost:5000/safe/1/page?id=1,3.195271
37,http://localhost:5000/safe/1/page?id=1,1.147947
38,http://localhost:5000/safe/1/page?id=1,4.902521
39,http://localhost:5000/safe/1/page?id=1,2.72338
40,http://localhost:5000/safe/1/page?id=1,1.111848
41,http://localhost:5000/safe/1/page?id=1,2.758359
42,http://localhost:5000/safe/1/page?id=1,2.358996
43,http://localhost:5000/safe/1/page?id=1,1.038373
44,http://localhost:5000/safe/1/page?id=1,2.903306
45,http://localhost:5000/safe/1/page?id=1,1.975076
46,http://localhost:5000/safe/1/page?id=1,1.712355
47,http://localhost:5000/safe/1/page?id=1,4.754219
48,http://localhost:5000/safe/1/page?id=1,3.461356
49,http://localhost:5000/safe/1/page?id=1,3.946983
50,http://localhost:5000/safe/1/page?id=1,1.252218
51,http://localhost:5000/safe/1/page?id=1,2.430106
52,http://localhost:5000/safe/1/page?id=1,1.12339
53,http://localhost:5000/safe/1/page?id=1,2.380451
54,http://localhost:5000/safe/1/page?id=1,5.306601
55,http://localhost:5000/safe/1/page?id=1,3.36508
56,http://localhost:5000/safe/1/page?id=1,7.33534
57,http://localhost:5000/safe/1/page?id=1,1.936949
58,http://localhost:5000/safe/1/page?id=1,2.475708
59,http://localhost:5000/safe/1/page?id=1,3.944852
60,http://localhost:5000/safe/1/page?id=1,2.683059
61,http://localhost:5000/safe/1/page?id=1,3.803296
62,http://localhost:5000/safe/1/page?id=1,4.44729
63,http://localhost:5000/safe/1/page?id=1,4.156361
64,http://localhost:5000/safe/1/page?id=1,2.398845
65,http://localhost:5000/safe/1/page?id=1,3.143318
66,http://localhost:5000/safe/1/page?id=1,2.027497
67,http://localhost:5000/safe/1/page?id=1,0.669681
68,http://localhost:5000/safe/1/page?id=1,2.214278
69,http://localhost:5000/safe/1/page?id=1,2.231596
70,http://localhost:5000/safe/1/page?id=1,3.62438
71,http://localhost:5000/safe/1/page?id=1,2.127158
72,http://localhost:5000/safe/1/page?id=1,5.83946
73,http://localhost:5000/safe/1/page?id=1,2.762751
74,http://localhost:5000/safe/1/page?id=1,1.838645
75,http://localhost:5000/safe/1/page?id=1,2.822502
76,http://localhost:5000/safe/1/page?id=1,1.068905
77,http://localhost:5000/safe/1/page?id=1,2.822997
78,http://localhost:5000/safe/1/page?id=1,3.633344
79,http://localhost:5000/safe/1/page?id=1,2.120465
80,http://localhost:5000/safe/1/page?id=1,2.746544
81,http://localhost:5000/safe/1/page?id=1,3.267313
82,http://localhost:5000/safe/1/page?id=1,2.812992
83,http://localhost:5000/safe/1/page?id=1,1.624178
84,http://localhost:5000/safe/1/page?id=1,5.468932
85,http://localhost:5000/safe/1/page?id=1,2.571447
86,http://localhost:5000/safe/1/page?id=1,3.565076
87,http://localhost:5000/safe/1/page?id=1,2.374854
88,http://localhost:5000/safe/1/page?id=1,4.373801
89,http://localhost:5000/safe/1/page?id=1,1.426261
90,http://localhost:5000/safe/1/page?id=1,3.520702
91,http://localhost:5000/safe/1/page?id=1,2.560183
92,http://localhost:5000/safe/1/page?id=1,5.459246
93,http://localhost:5000/safe/1/page?id=1,3.213775
94,http://localhost:5000/safe/1/page?id=1,3.220172
95,http://localhost:5000/safe/1/page?id=1,5.285502
96,http://localhost:5000/safe/1/page?id=1,2.39449
97,http://localhost:5000/safe/1/page?id=1,4.074108
98,http://localhost:5000/safe/1/page?id=1,1.978551
99,http://localhost:5000/safe/1/page?id=1,1.758419
100,http://localhost:5000/safe/1/page?id=1,4.123447
101,http://localhost:5000/safe/1/page?id=1,2.04802
102,http://localhost:5000/safe/1/page?id=1,2.810457
103,http://localhost:5000/safe/1/page?id=1,3.053177
104,http://localhost:5000/safe/1/page?id=1,2.882093
105,http://localhost:5000/safe/1/page?id=1,5.963236
106,http://localhost:5000/safe/1/page?id=1,2.201909
107,http://localhost:5000/safe/1/page?id=1,2.100286
108,http://localhost:5000/safe/1/page?id=1,2.039456
109,http://localhost:5000/safe/1/page?id=1,2.955032
110,http://localhost:5000/safe/1/page?id=1,2.130629
111,http://localhost:5000/safe/1/page?id=1,4.025039
112,http://localhost:5000/safe/1/page?id=1,2.080613
113,http://localhost:5000/safe/1/page?id=1,2.370731
114,http://localhost:5000/safe/1/page?id=1,2.913463
115,http://localhost:5000/safe/1/page?id=1,3.970427
116,http://localhost:5000/safe/1/page?id=1,2.09973
117,http://localhost:5000/safe/1/page?id=1,3.6452
118,http://localhost:5000/safe/1/page?id=1,6.365065
119,http://localhost:5000/safe/1/page?id=1,1.274207
120,http://localhost:5000/safe/1/page?id=1,4.299111
121,http://localhost:5000/safe/1/page?id=1,4.386805
122,http://localhost:5000/safe/1/page?id=1,1.061662
123,http://localhost:5000/safe/1/page?id=1,1.803206
124,http://localhost:5000/safe/1/page?id=1,0.932164
125,http://localhost:5000/safe/1/page?id=1,3.79834
126,http://localhost:5000/safe/1/page?id=1,3.782548
127,http://localhost:5000/safe/1/page?id=1,2.955459
128,http://localhost:5000/safe/1/page?id=1,2.596023
129,http://localhost:5000/safe/1/page?id=1,2.808978
130,http://localhost:5000/safe/1/page?id=1,5.906544
131,http://localhost:5000/safe/1/page?id=1,2.0521
132,http://localhost:5000/safe/1/page?id=1,2.390648
133,http://localhost:5000/safe/1/page?id=1,1.108285
134,http://localhost:5000/safe/1/page?id=1,2.733931
135,http://localhost:5000/safe/1/page?id=1,4.847524
136,http://localhost:5000/safe/1/page?id=1,2.659467
137,http://localhost:5000/safe/1/page?id=1,3.306289
138,http://localhost:5000/safe/1/page?id=1,3.724431
139,http://localhost:5000/safe/1/page?id=1,2.168143
140,http://localhost:5000/safe/1/page?id=1,2.647583
141,http://localhost:5000/safe/1/page?id=1,2.731503
142,http://localhost:5000/safe/1/page?id=1,2.324049
143,http://localhost:5000/safe/1/page?id=1,2.088544
144,http://localhost:5000/safe/1/page?id=1,6.532221
145,http://localhost:5000/safe/1/page?id=1,2.15079
146,http://localhost:5000/safe/1/page?id=1,2.510367
147,http://localhost:5000/safe/1/page?id=1,1.919878
148,http://localhost:5000/safe/1/page?id=1,1.302216
149,http://localhost:5000/safe/1/page?id=1,1.985288
150,http://localhost:5000/safe/1/page?id=1,5.220239
151,http://localhost:5000/safe/1/page?id=1,4.43394
152,http://localhost:5000/safe/1/page?id=1,3.175841
153,http://localhost:5000/safe/1/page?id=1,4.719203
154,http://localhost:5000/safe/1/page?id=1,2.742366
155,http://localhost:5000/safe/1/page?id=1,3.15239
156,http://localhost:5000/safe/1/page?id=1,1.979305
157,http://localhost:5000/safe/1/page?id=1,3.75887
158,http://localhost:5000/safe/1/page?id=1,6.17996
159,http://localhost:5000/safe/1/page?id=1,2.879977
160,http://localhost:5000/safe/1/page?id=1,3.228434
161,http://localhost:5000/safe/1/page?id=1,2.282426
162,http://localhost:5000/safe/1/page?id=1,1.996231
163,http://localhost:5000/safe/1/page?id=1,2.010402
164,http://localhost:5000/safe/1/page?id=1,1.840208
165,http://localhost:5000/safe/1/page?id=1,1.827191
166,http://localhost:5000/safe/1/page?id=1,5.686151
167,http://localhost:5000/safe/1/page?id=1,3.387842
168,http://localhost:5000/safe/1/page?id=1,2.492293
169,http://localhost:5000/safe/1/page?id=1,2.61572
170,http://localhost:5000/safe/1/page?id=1,2.207682
171,http://localhost:5000/safe/1/page?id=1,1.954236
172,http://localhost:5000/safe/1/page?id=1,2.736896
173,http://localhost:5000/safe/1/page?id=1,2.699605
174,http://localhost:5000/safe/1/page?id=1,1.750329
175,http://localhost:5000/safe/1/page?id=1,2.682422
176,http://localhost:5000/safe/1/page?id=1,3.414686
177,http://localhost:5000/safe/1/page?id=1,3.006838
178,http://localhost:5000/safe/1/page?id=1,4.748977
179,http://localhost:5000/safe/1/page?id=1,3.971738
180,http://localhost:5000/safe/1/page?id=1,2.055351
181,http://localhost:5000/safe/1/page?id=1,3.783076
182,http://localhost:5000/safe/1/page?id=1,1.280322
183,http://localhost:5000/safe/1/page?id=1,2.982252
184,http://localhost:5000/safe/1/page?id=1,1.926213
185,http://localhost:5000/safe/1/page?id=1,1.350802
186,http://localhost:5000/safe/1/page?id=1,1.814054
187,http://localhost:5000/safe/1/page?id=1,2.448261
188,http://localhost:5000/safe/1/page?id=1,4.819345
189,http://localhost:5000/safe/1/page?id=1,3.583429
190,http://localhost:5000/safe/1/page?id=1,4.063971
191,http://localhost:5000/safe/1/page?id=1,1.729459
192,http://localhost:5000/safe/1/page?id=1,2.554386
193,http://localhost:5000/safe/1/page?id=1,2.781549
194,http://localhost:5000/safe/1/page?id=1,5.050223
195,http://localhost:5000/safe/1/page?id=1,3.144246
196,http://localhost:5000/safe/1/page?id=1,3.296764
197,http://localhost:5000/safe/1/page?id=1,3.056335
198,http://localhost:5000/safe/1/page?id=1,2.200818
199,http://localhost:5000/safe/1/page?id=1,2.408473
200,http://localhost:5000/vulnerable/1/page?id=1,4.209893
201,http://localhost:5000/vulnerable/1/page?id=1,5.172008
202,http://localhost:5000/vulnerable/1/page?id=1,3.110931
203,http://localhost:5000/vulnerable/1/page?id=1,2.701447
204,http://localhost:5000/vulnerable/1/page?id=1,4.955337
205,http://localhost:5000/vulnerable/1/page?id=1,2.567903
206,http://localhost:5000/vulnerable/1/page?id=1,2.236599
207,http://localhost:5000/vulnerable/1/page?id=1,2.341779
208,http://localhost:5000/vulnerable/1/page?id=1,1.184525
209,http://localhost:5000/vulnerable/1/page?id=1,2.027682
210,http://localhost:5000/vulnerable/1/page?id=1,3.995185
211,http://localhost:5000/vulnerable/1/page?id=1,3.758549
212,http://localhost:5000/vulnerable/1/page?id=1,4.96261
213,http://localhost:5000/vulnerable/1/page?id=1,6.669999
214,http://localhost:5000/vulnerable/1/page?id=1,1.562311
215,http://localhost:5000/vulnerable/1/page?id=1,0.941289
216,http://localhost:5000/vulnerable/1/page?id=1,1.426574
217,http://localhost:5000/vulnerable/1/page?id=1,2.664572
218,http://localhost:5000/vulnerable/1/page?id=1,4.232836
219,http://localhost:5000/vulnerable/1/page?id=1,2.298753
220,http://localhost:5000/vulnerable/1/page?id=1,3.248383
221,http://localhost:5000/vulnerable/1/page?id=1,1.69654
222,http://localhost:5000/vulnerable/1/page?id=1,2.358816
223,http://localhost:5000/vulnerable/1/page?id=1,5.421655
224,http://localhost:5000/vulnerable/1/page?id=1,3.221725
225,http://localhost:5000/vulnerable/1/page?id=1,3.492007
226,http://localhost:5000/vulnerable/1/page?id=1,2.711315
227,http://localhost:5000/vulnerable/1/page?id=1,5.776203
228,http://localhost:5000/vulnerable/1/page?id=1,3.581845
229,http://localhost:5000/vulnerable/1/page?id=1,5.513844
230,http://localhost:5000/vulnerable/1/page?id=1,2.211602
231,http://localhost:5000/vulnerable/1/page?id=1,1.564593
232,http://localhost:5000/vulnerable/1/page?id=1,3.7642
233,http://localhost:5000/vulnerable/1/page?id=1,3.889341
234,http://localhost:5000/vulnerable/1/page?id=1,2.576725
235,http://localhost:5000/vulnerable/1/page?id=1,3.936366
236,http://localhost:5000/vulnerable/1/page?id=1,1.419065
237,http://localhost:5000/vulnerable/1/page?id=1,3.118559
238,http://localhost:5000/vulnerable/1/page?id=1,1.416525
239,http://localhost:5000/vulnerable/1/page?id=1,1.707282
240,http://localhost:5000/vulnerable/1/page?id=1,2.282731
241,http://localhost:5000/vulnerable/1/page?id=1,3.87687
242,http://localhost:5000/vulnerable/1/page?id=1,1.859974
243,http://localhost:5000/vulnerable/1/page?id=1,1.055254
244,http://localhost:5000/vulnerable/1/page?id=1,2.805452
245,http://localhost:5000/vulnerable/1/page?id=1,5.303376
246,http://localhost:5000/vulnerable/1/page?id=1,3.701791
247,http://localhost:5000/vulnerable/1/page?id=1,1.97853
248,http://localhost:5000/vulnerable/1/page?id=1,2.92431
249,http://localhost:5000/vulnerable/1/page?id=1,1.999495
250,http://localhost:5000/vulnerable/1/page?id=1,5.409819
251,http://localhost:5000/vulnerable/1/page?id=1,2.421962
252,http://localhost:5000/vulnerable/1/page?id=1,1.486238
253,http://localhost:5000/vulnerable/1/page?id=1,1.927073
254,http://localhost:5000/vulnerable/1/page?id=1,2.01179
255,http://localhost:5000/vulnerable/1/page?id=1,1.367416
256,http://localhost:5000/vulnerable/1/page?id=1,3.676658
257,http://localhost:5000/vulnerable/1/page?id=1,2.550514
258,http://localhost:5000/vulnerable/1/page?id=1,2.090996
259,http://localhost:5000/vulnerable/1/page?id=1,3.334757
260,http://localhost:5000/vulnerable/1/page?id=1,4.345546
261,http://localhost:5000/vulnerable/1/page?id=1,3.507797
262,http://localhost:5000/vulnerable/1/page?id=1,3.761867
263,http://localhost:5000/vulnerable/1/page?id=1,3.530236
264,http://localhost:5000/vulnerable/1/page?id=1,2.891857
265,http://localhost:5000/vulnerable/1/page?id=1,3.524554
266,http://localhost:5000/vulnerable/1/page?id=1,1.176511
267,http://localhost:5000/vulnerable/1/page?id=1,2.12761
268,http://localhost:5000/vulnerable/1/page?id=1,2.012335
269,http://localhost:5000/vulnerable/1/page?id=1,2.950737
270,http://localhost:5000/vulnerable/1/page?id=1,4.088044
271,http://localhost:5000/vulnerable/1/page?id=1,4.02
272,http://localhost:5000/vulnerable/1/page?id=1,3.223108
273,http://localhost:5000/vulnerable/1/page?id=1,0.937287
274,http://localhost:5000/vulnerable/1/page?id=1,0.881123
275,http://localhost:5000/vulnerable/1/page?id=1,7.173173
276,http://localhost:5000/vulnerable/1/page?id=1,2.162843
277,http://localhost:5000/vulnerable/1/page?id=1,2.004586
278,http://localhost:5000/vulnerable/1/page?id=1,2.525822
279,http://localhost:5000/vulnerable/1/page?id=1,6.466685
280,http://localhost:5000/vulnerable/1/page?id=1,2.573084
281,http://localhost:5000/vulnerable/1/page?id=1,1.852463
282,http://localhost:5000/vulnerable/1/page?id=1,2.450536
283,http://localhost:5000/vulnerable/1/page?id=1,2.062454
284,http://localhost:5000/vulnerable/1/page?id=1,2.035487
285,http://localhost:5000/vulnerable/1/page?id=1,3.139548
286,http://localhost:5000/vulnerable/1/page?id=1,3.419308
287,http://localhost:5000/vulnerable/1/page?id=1,4.046533
288,http://localhost:5000/vulnerable/1/page?id=1,4.346231
289,http://localhost:5000/vulnerable/1/page?id=1,2.375782
290,http://localhost:5000/vulnerable/1/page?id=1,2.762388
291,http://localhost:5000/vulnerable/1/page?id=1,14.364525
292,http://localhost:5000/vulnerable/1/page?id=1,2.642759
293,http://localhost:5000/vulnerable/1/page?id=1,3.449135
294,http://localhost:5000/vulnerable/1/page?id=1,4.241763
295,http://localhost:5000/vulnerable/1/page?id=1,3.978703
296,http://localhost:5000/vulnerable/1/page?id=1,4.916039
297,http://localhost:5000/vulnerable/1/page?id=1,4.304559
298,http://localhost:5000/vulnerable/1/page?id=1,2.12409
299,http://localhost:5000/vulnerable/1/page?id=1,1.537351
300,http://localhost:5000/vulnerable/1/page?id=1,2.558995
301,http://localhost:5000/vulnerable/1/page?id=1,1.644093
302,http://localhost:5000/vulnerable/1/page?id=1,0.98437
303,http://localhost:5000/vulnerable/1/page?id=1,7.586288
304,http://localhost:5000/vulnerable/1/page?id=1,2.708051
305,http://localhost:5000/vulnerable/1/page?id=1,1.409889
306,http://localhost:5000/vulnerable/1/page?id=1,3.927621
307,http://localhost:5000/vulnerable/1/page?id=1,4.045253
308,http://localhost:5000/vulnerable/1/page?id=1,1.166482
309,http://localhost:5000/vulnerable/1/page?id=1,3.65103
310,http://localhost:5000/vulnerable/1/page?id=1,3.664433
311,http://localhost:5000/vulnerable/1/page?id=1,1.193611
312,http://localhost:5000/vulnerable/1/page?id=1,2.986252
313,http://localhost:5000/vulnerable/1/page?id=1,1.889702
314,http://localhost:5000/vulnerable/1/page?id=1,5.33239
315,http://localhost:5000/vulnerable/1/page?id=1,1.126157
316,http://localhost:5000/vulnerable/1/page?id=1,2.599852
317,http://localhost:5000/vulnerable/1/page?id=1,4.544566
318,http://localhost:5000/vulnerable/1/page?id=1,4.226745
319,http://localhost:5000/vulnerable/1/page?id=1,3.644472
320,http://localhost:5000/vulnerable/1/page?id=1,0.806377
321,http://localhost:5000/vulnerable/1/page?id=1,2.937392
322,http://localhost:5000/vulnerable/1/page?id=1,1.262439
323,http://localhost:5000/vulnerable/1/page?id=1,3.298583
324,http://localhost:5000/vulnerable/1/page?id=1,3.580464
325,http://localhost:5000/vulnerable/1/page?id=1,4.307974
326,http://localhost:5000/vulnerable/1/page?id=1,2.390778
327,http://localhost:5000/vulnerable/1/page?id=1,1.921295
328,http://localhost:5000/vulnerable/1/page?id=1,2.699796
329,http://localhost:5000/vulnerable/1/page?id=1,5.525633
330,http://localhost:5000/vulnerable/1/page?id=1,4.161024
331,http://localhost:5000/vulnerable/1/page?id=1,2.615851
332,http://localhost:5000/vulnerable/1/page?id=1,3.729385
333,http://localhost:5000/vulnerable/1/page?id=1,3.336875
334,http://localhost:5000/vulnerable/1/page?id=1,2.286831
335,http://localhost:5000/vulnerable/1/page?id=1,1.711764
336,http://localhost:5000/vulnerable/1/page?id=1,1.148479
337,http://localhost:5000/vulnerable/1/page?id=1,2.339074
338,http://localhost:5000/vulnerable/1/page?id=1,1.578763
339,http://localhost:5000/vulnerable/1/page?id=1,3.338167
340,http://localhost:5000/vulnerable/1/page?id=1,2.51616
341,http://localhost:5000/vulnerable/1/page?id=1,2.30179
342,http://localhost:5000/vulnerable/1/page?id=1,3.646011
343,http://localhost:5000/vulnerable/1/page?id=1,1.429749
344,http://localhost:5000/vulnerable/1/page?id=1,3.632314
345,http://localhost:5000/vulnerable/1/page?id=1,2.128001
346,http://localhost:5000/vulnerable/1/page?id=1,1.895352
347,http://localhost:5000/vulnerable/1/page?id=1,6.745684
348,http://localhost:5000/vulnerable/1/page?id=1,2.526152
349,http://localhost:5000/vulnerable/1/page?id=1,3.111103
350,http://localhost:5000/vulnerable/1/page?id=1,2.074291
351,http://localhost:5000/vulnerable/1/page?id=1,5.71574
352,http://localhost:5000/vulnerable/1/page?id=1,2.593392
353,http://localhost:5000/vulnerable/1/page?id=1,1.59943
354,http://localhost:5000/vulnerable/1/page?id=1,3.527385
355,http://localhost:5000/vulnerable/1/page?id=1,1.321011
356,http://localhost:5000/vulnerable/1/page?id=1,1.547646
357,http://localhost:5000/vulnerable/1/page?id=1,2.097099
358,http://localhost:5000/vulnerable/1/page?id=1,1.876998
359,http://localhost:5000/vulnerable/1/page?id=1,2.269354
360,http://localhost:5000/vulnerable/1/page?id=1,1.991166
361,http://localhost:5000/vulnerable/1/page?id=1,1.536242
362,http://localhost:5000/vulnerable/1/page?id=1,1.836668
363,http://localhost:5000/vulnerable/1/page?id=1,4.819858
364,http://localhost:5000/vulnerable/1/page?id=1,4.196108
365,http://localhost:5000/vulnerable/1/page?id=1,4.026436
366,http://localhost:5000/vulnerable/1/page?id=1,2.65798
367,http://localhost:5000/vulnerable/1/page?id=1,2.178142
368,http://localhost:5000/vulnerable/1/page?id=1,2.629971
369,http://localhost:5000/vulnerable/1/page?id=1,2.369578
370,http://localhost:5000/vulnerable/1/page?id=1,5.006107
371,http://localhost:5000/vulnerable/1/page?id=1,2.578683
372,http://localhost:5000/vulnerable/1/page?id=1,2.50123
373,http://localhost:5000/vulnerable/1/page?id=1,5.205202
374,http://localhost:5000/vulnerable/1/page?id=1,2.56614
375,http://localhost:5000/vulnerable/1/page?id=1,2.074687
376,http://localhost:5000/vulnerable/1/page?id=1,3.40001
377,http://localhost:5000/vulnerable/1/page?id=1,3.326648
378,http://localhost:5000/vulnerable/1/page?id=1,2.614524
379,http://localhost:5000/vulnerable/1/page?id=1,2.208832
380,http://localhost:5000/vulnerable/1/page?id=1,2.59813
381,http://localhost:5000/vulnerable/1/page?id=1,2.271715
382,http://localhost:5000/vulnerable/1/page?id=1,1.629289
383,http://localhost:5000/vulnerable/1/page?id=1,3.421489
384,http://localhost:5000/vulnerable/1/page?id=1,2.632174
385,http://localhost:5000/vulnerable/1/page?id=1,2.972634
386,http://localhost:5000/vulnerable/1/page?id=1,1.152556
387,http://localhost:5000/vulnerable/1/page?id=1,1.820793
388,http://localhost:5000/vulnerable/1/page?id=1,7.253858
389,http://localhost:5000/vulnerable/1/page?id=1,3.271115
390,http://localhost:5000/vulnerable/1/page?id=1,0.799464
391,http://localhost:5000/vulnerable/1/page?id=1,2.453865
392,http://localhost:5000/vulnerable/1/page?id=1,1.544087
393,http://localhost:5000/vulnerable/1/page?id=1,1.795099
394,http://localhost:5000/vulnerable/1/page?id=1,1.832066
395,http://localhost:5000/vulnerable/1/page?id=1,2.134226
396,http://localhost:5000/vulnerable/1/page?id=1,5.631744
397,http://localhost:5000/vulnerable/1/page?id=1,2.382312
398,http://localhost:5000/vulnerable/1/page?id=1,1.357657
399,http://localhost:5000/vulnerable/1/page?id=1,5.19678
400,http://localhost:5000/vulnerable/1/page?id=SLEEP(0.8),5.045104
401,http://localhost:5000/vulnerable/1/page?id=SLEEP(0.8),9.720922
402,http://localhost:5000/vulnerable/1/page?id=SLEEP(0.8),5.30011
403,http://localhost:5000/vulnerable/1/page?id=SLEEP(0.8),5.403461
404,http://localhost:5000/vulnerable/1/page?id=SLEEP(0.8),7.887347
405,http://localhost:5000/vulnerable/1/page?id=SLEEP(0.8),7.317263
406,http://localhost:5000/vulnerable/1/page?id=SLEEP(0.8),6.595196
407,http://localhost:5000/vulnerable/1/page?id=SLEEP(0.8),8.15968
408,http://localhost:5000/vulnerable/1/page?id=SLEEP(0.8),8.572826
409,http://localhost:5000/vulnerable/1/page?id=SLEEP(0.8),9.159276
410,http://localhost:5000/vulnerable/1/page?id=SLEEP(0.8),8.976814
411,http://localhost:5000/vulnerable/1/page?id=SLEEP(0.8),7.493541
412,http://localhost:5000/vulnerable/1/page?id=SLEEP(0.8),6.942769
413,http://localhost:5000/vulnerable/1/page?id=SLEEP(0.8),7.884512
414,http://localhost:5000/vulnerable/1/page?id=SLEEP(0.8),6.833973
415,http://localhost:5000/vulnerable/1/page?id=SLEEP(0.8),6.131849
416,http://localhost:5000/vulnerable/1/page?id=SLEEP(0.8),6.367898
417,http://localhost:5000/vulnerable/1/page?id=SLEEP(0.8),7.730407
418,http://localhost:5000/vulnerable/1/page?id=SLEEP(0.8),9.915056
419,http://localhost:5000/vulnerable/1/page?id=SLEEP(0.8),6.730546
420,http://localhost:5000/vulnerable/1/page?id=SLEEP(0.8),5.632689
421,http://localhost:5000/vulnerable/1/page?id=SLEEP(0.8),6.02917
422,http://localhost:5000/vulnerable/1/page?id=SLEEP(0.8),6.344034
423,http://localhost:5000/vulnerable/1/page?id=SLEEP(0.8),9.354529
424,http://localhost:5000/vulnerable/1/page?id=SLEEP(0.8),7.714161
425,http://localhost:5000/vulnerable/1/page?id=SLEEP(0.8),5.50037
426,http://localhost:5000/vulnerable/1/page?id=SLEEP(0.8),6.118131
427,http://localhost:5000/vulnerable/1/page?id=SLEEP(0.8),8.040155
428,http://localhost:5000/vulnerable/1/page?id=SLEEP(0.8),5.336669
429,http://localhost:5000/vulnerable/1/page?id=SLEEP(0.8),5.988677
430,http://localhost:5000/vulnerable/1/page?id=SLEEP(0.8),7.489128
431,http://localhost:5000/vulnerable/1/page?id=SLEEP(0.8),7.18533
432,http://localhost:5000/vulnerable/1/page?id=SLEEP(0.8),10.386335
433,http://localhost:5000/vulnerable/1/page?id=SLEEP(0.8),6.544853
434,http://localhost:5000/vulnerable/1/page?id=SLEEP(0.8),6.206164
435,http://localhost:5000/vulnerable/1/page?id=SLEEP(0.8),6.01648
436,http://localhost:5000/vulnerable/1/page?id=SLEEP(0.8),7.743728
437,http://localhost:5000/vulnerable/1/page?id=SLEEP(0.8),5.052666
438,http://localhost:5000/vulnerable/1/page?id=SLEEP(0.8),6.081213
439,http://localhost:5000/vulnerable/1/page?id=SLEEP(0.8),6.217579
440,http://localhost:5000/vulnerable/1/page?id=SLEEP(0.8),6.483549
441,http://localhost:5000/vulnerable/1/page?id=SLEEP(0.8),8.127369
442,http://localhost:5000/vulnerable/1/page?id=SLEEP(0.8),6.49416
443,http://localhost:5000/vulnerable/1/page?id=SLEEP(0.8),6.867797
444,http://localhost:5000/vulnerable/1/page?id=SLEEP(0.8),7.603189
445,http://localhost:5000/vulnerable/1/page?id=SLEEP(0.8),9.096966
446,http://localhost:5000/vulnerable/1/page?id=SLEEP(0.8),5.083902
447,http://localhost:5000/vulnerable/1/page?id=SLEEP(0.8),5.718447
448,http://localhost:5000/vulnerable/1/page?id=SLEEP(0.8),6.435711
449,http://localhost:5000/vulnerable/1/page?id=SLEEP(0.8),5.819938
450,http://localhost:5000/vulnerable/1/page?id=SLEEP(0.8),7.027063
451,http://localhost:5000/vulnerable/1/page?id=SLEEP(0.8),5.842187
452,http://localhost:5000/vulnerable/1/page?id=SLEEP(0.8),5.548039
453,http://localhost:5000/vulnerable/1/page?id=SLEEP(0.8),5.780705
454,http://localhost:5000/vulnerable/1/page?id=SLEEP(0.8),7.810182
455,http://localhost:5000/vulnerable/1/page?id=SLEEP(0.8),6.525183
456,http://localhost:5000/vulnerable/1/page?id=SLEEP(0.8),7.810854
457,http://localhost:5000/vulnerable/1/page?id=SLEEP(0.8),5.894129
458,http://localhost:5000/vulnerable/1/page?id=SLEEP(0.8),5.18192
459,http://localhost:5000/vulnerable/1/page?id=SLEEP(0.8),6.063464
460,http://localhost:5000/vulnerable/1/page?id=SLEEP(0.8),5.688542
461,http://localhost:5000/vulnerable/1/page?id=SLEEP(0.8),5.740197
462,http://localhost:5000/vulnerable/1/page?id=SLEEP(0.8),4.965444
463,http://localhost:5000/vulnerable/1/page?id=SLEEP(0.8),7.024454
464,http://localhost:5000/vulnerable/1/page?id=SLEEP(0.8),4.993782
465,http://localhost:5000/vulnerable/1/page?id=SLEEP(0.8),5.822136
466,http://localhost:5000/vulnerable/1/page?id=SLEEP(0.8),7.08227
467,http://localhost:5000/vulnerable/1/page?id=SLEEP(0.8),5.767385
468,http://localhost:5000/vulnerable/1/page?id=SLEEP(0.8),7.201624
469,http://localhost:5000/vulnerable/1/page?id=SLEEP(0.8),6.45914
470,http://localhost:5000/vulnerable/1/page?id=SLEEP(0.8),6.384847
471,http://localhost:5000/vulnerable/1/page?id=SLEEP(0.8),6.873428
472,http://localhost:5000/vulnerable/1/page?id=SLEEP(0.8),11.392128
473,http://localhost:5000/vulnerable/1/page?id=SLEEP(0.8),5.99606
474,http://localhost:5000/vulnerable/1/page?id=SLEEP(0.8),7.867048
475,http://localhost:5000/vulnerable/1/page?id=SLEEP(0.8),5.250384
476,http://localhost:5000/vulnerable/1/page?id=SLEEP(0.8),5.513108
477,http://localhost:5000/vulnerable/1/page?id=SLEEP(0.8),8.378505
478,http://localhost:5000/vulnerable/1/page?id=SLEEP(0.8),6.795104
479,http://localhost:5000/vulnerable/1/page?id=SLEEP(0.8),6.870308
480,http://localhost:5000/vulnerable/1/page?id=SLEEP(0.8),5.943301
481,http://localhost:5000/vulnerable/1/page?id=SLEEP(0.8),7.189513
482,http://localhost:5000/vulnerable/1/page?id=SLEEP(0.8),10.332343
483,http://localhost:5000/vulnerable/1/page?id=SLEEP(0.8),5.034799
484,http://localhost:5000/vulnerable/1/page?id=SLEEP(0.8),5.08197
485,http://localhost:5000/vulnerable/1/page?id=SLEEP(0.8),5.588502
486,http://localhost:5000/vulnerable/1/page?id=SLEEP(0.8),5.026799
487,http://localhost:5000/vulnerable/1/page?id=SLEEP(0.8),6.02534
488,http://localhost:5000/vulnerable/1/page?id=SLEEP(0.8),5.883756
489,http://localhost:5000/vulnerable/1/page?id=SLEEP(0.8),8.958839
490,http://localhost:5000/vulnerable/1/page?id=SLEEP(0.8),8.908954
491,http://localhost:5000/vulnerable/1/page?id=SLEEP(0.8),6.825358
492,http://localhost:5000/vulnerable/1/page?id=SLEEP(0.8),5.414355
493,http://localhost:5000/vulnerable/1/page?id=SLEEP(0.8),6.254773
494,http://localhost:5000/vulnerable/1/page?id=SLEEP(0.8),6.316953
495,http://localhost:5000/vulnerable/1/page?id=SLEEP(0.8),6.601811
496,http://localhost:5000/vulnerable/1/page?id=SLEEP(0.8),5.091653
497,http://localhost:5000/vulnerable/1/page?id=SLEEP(0.8),8.770028
498,http://localhost:5000/vulnerable/1/page?id=SLEEP(0.8),7.417602
499,http://localhost:5000/vulnerable/1/page?id=SLEEP(0.8),6.568294
500,http://localhost:5000/vulnerable/1/page?id=SLEEP(0.8),9.052279
501,http://localhost:5000/vulnerable/1/page?id=SLEEP(0.8),6.922335
502,http://localhost:5000/vulnerable/1/page?id=SLEEP(0.8),6.195284
503,http://localhost:5000/vulnerable/1/page?id=SLEEP(0.8),6.535258
504,http://localhost:5000/vulnerable/1/page?id=SLEEP(0.8),6.703607
505,http://localhost:5000/vulnerable/1/page?id=SLEEP(0.8),8.058933
506,http://localhost:5000/vulnerable/1/page?id=SLEEP(0.8),5.933232
507,http://localhost:5000/vulnerable/1/page?id=SLEEP(0.8),5.642519
508,http://localhost:5000/vulnerable/1/page?id=SLEEP(0.8),10.416119
509,http://localhost:5000/vulnerable/1/page?id=SLEEP(0.8),6.18591
510,http://localhost:5000/vulnerable/1/page?id=SLEEP(0.8),7.23459
511,http://localhost:5000/vulnerable/1/page?id=SLEEP(0.8),6.52402
512,http://localhost:5000/vulnerable/1/page?id=SLEEP(0.8),6.708726
513,http://localhost:5000/vulnerable/1/page?id=SLEEP(0.8),6.417917
514,http://localhost:5000/vulnerable/1/page?id=SLEEP(0.8),8.573992
515,http://localhost:5000/vulnerable/1/page?id=SLEEP(0.8),5.681987
516,http://localhost:5000/vulnerable/1/page?id=SLEEP(0.8),7.053358
517,http://localhost:5000/vulnerable/1/page?id=SLEEP(0.8),6.878744
518,http://localhost:5000/vulnerable/1/page?id=SLEEP(0.8),6.093936
519,http://localhost:5000/vulnerable/1/page?id=SLEEP(0.8),9.263113
520,http://localhost:5000/vulnerable/1/page?id=SLEEP(0.8),6.15532
521,http://localhost:5000/vulnerable/1/page?id=SLEEP(0.8),6.459326
522,http://localhost:5000/vulnerable/1/page?id=SLEEP(0.8),5.345442
523,http://localhost:5000/vulnerable/1/page?id=SLEEP(0.8),5.674609
524,http://localhost:5000/vulnerable/1/page?id=SLEEP(0.8),8.009194
525,http://localhost:5000/vulnerable/1/page?id=SLEEP(0.8),7.429033
526,http://localhost:5000/vulnerable/1/page?id=SLEEP(0.8),10.388749
527,http://localhost:5000/vulnerable/1/page?id=SLEEP(0.8),5.890423
528,http://localhost:5000/vulnerable/1/page?id=SLEEP(0.8),6.81675
529,http://localhost:5000/vulnerable/1/page?id=SLEEP(0.8),7.906038
530,http://localhost:5000/vulnerable/1/page?id=SLEEP(0.8),6.247212
531,http://localhost:5000/vulnerable/1/page?id=SLEEP(0.8),5.679777
532,http://localhost:5000/vulnerable/1/page?id=SLEEP(0.8),9.18925
533,http://localhost:5000/vulnerable/1/page?id=SLEEP(0.8),6.170994
534,http://localhost:5000/vulnerable/1/page?id=SLEEP(0.8),4.996228
535,http://localhost:5000/vulnerable/1/page?id=SLEEP(0.8),6.720031
536,http://localhost:5000/vulnerable/1/page?id=SLEEP(0.8),7.896857
537,http://localhost:5000/vulnerable/1/page?id=SLEEP(0.8),10.710828
538,http://localhost:5000/vulnerable/1/page?id=SLEEP(0.8),6.183816
539,http://localhost:5000/vulnerable/1/page?id=SLEEP(0.8),12.931926
540,http://localhost:5000/vulnerable/1/page?id=SLEEP(0.8),6.328601
541,http://localhost:5000/vulnerable/1/page?id=SLEEP(0.8),5.992117
542,http://localhost:5000/vulnerable/1/page?id=SLEEP(0.8),7.813207
543,http://localhost:5000/vulnerable/1/page?id=SLEEP(0.8),8.118943
544,http://localhost:5000/vulnerable/1/page?id=SLEEP(0.8),8.890368
545,http://localhost:5000/vulnerable/1/page?id=SLEEP(0.8),5.10551
546,http://localhost:5000/vulnerable/1/page?id=SLEEP(0.8),5.224924
547,http://localhost:5000/vulnerable/1/page?id=SLEEP(0.8),6.477596
548,http://localhost:5000/vulnerable/1/page?id=SLEEP(0.8),5.933856
549,http://localhost:5000/vulnerable/1/page?id=SLEEP(0.8),5.033612
550,http://localhost:5000/vulnerable/1/page?id=SLEEP(0.8),5.937918
551,http://localhost:5000/vulnerable/1/page?id=SLEEP(0.8),7.425086
552,http://localhost:5000/vulnerable/1/page?id=SLEEP(0.8),9.451658
553,http://localhost:5000/vulnerable/1/page?id=SLEEP(0.8),5.587115
554,http://localhost:5000/vulnerable/1/page?id=SLEEP(0.8),7.811761
555,http://localhost:5000/vulnerable/1/page?id=SLEEP(0.8),5.365715
556,http://localhost:5000/vulnerable/1/page?id=SLEEP(0.8),5.682953
557,http://localhost:5000/vulnerable/1/page?id=SLEEP(0.8),6.050638
558,http://localhost:5000/vulnerable/1/page?id=SLEEP(0.8),6.7935
559,http://localhost:5000/vulnerable/1/page?id=SLEEP(0.8),6.861936
560,http://localhost:5000/vulnerable/1/page?id=SLEEP(0.8),5.703992
561,http://localhost:5000/vulnerable/1/page?id=SLEEP(0.8),9.606715
562,http://localhost:5000/vulnerable/1/page?id=SLEEP(0.8),5.330647
563,http://localhost:5000/vulnerable/1/page?id=SLEEP(0.8),6.392475
564,http://localhost:5000/vulnerable/1/page?id=SLEEP(0.8),7.51025
565,http://localhost:5000/vulnerable/1/page?id=SLEEP(0.8),5.927336
566,http://localhost:5000/vulnerable/1/page?id=SLEEP(0.8),6.853786
567,http://localhost:5000/vulnerable/1/page?id=SLEEP(0.8),7.747076
568,http://localhost:5000/vulnerable/1/page?id=SLEEP(0.8),6.086397
569,http://localhost:5000/vulnerable/1/page?id=SLEEP(0.8),8.602473
570,http://localhost:5000/vulnerable/1/page?id=SLEEP(0.8),6.858825
571,http://localhost:5000/vulnerable/1/page?id=SLEEP(0.8),10.18934
572,http://localhost:5000/vulnerable/1/page?id=SLEEP(0.8),9.100178
573,http://localhost:5000/vulnerable/1/page?id=SLEEP(0.8),10.063066
574,http://localhost:5000/vulnerable/1/page?id=SLEEP(0.8),5.548614
575,http://localhost:5000/vulnerable/1/page?id=SLEEP(0.8),6.221123
576,http://localhost:5000/vulnerable/1/page?id=SLEEP(0.8),8.966638
577,http://localhost:5000/vulnerable/1/page?id=SLEEP(0.8),5.351732
578,http://localhost:5000/vulnerable/1/page?id=SLEEP(0.8),5.17058
579,http://localhost:5000/vulnerable/1/page?id=SLEEP(0.8),6.002703
580,http://localhost:5000/vulnerable/1/page?id=SLEEP(0.8),6.552958
581,http://localhost:5000/vulnerable/1/page?id=SLEEP(0.8),5.096133
582,http://localhost:5000/vulnerable/1/page?id=SLEEP(0.8),5.901517
583,http://localhost:5000/vulnerable/1/page?id=SLEEP(0.8),7.098955
584,http://localhost:5000/vulnerable/1/page?id=SLEEP(0.8),6.318152
585,http://localhost:5000/vulnerable/1/page?id=SLEEP(0.8),6.1101
586,http://localhost:5000/vulnerable/1/page?id=SLEEP(0.8),7.588418
587,http://localhost:5000/vulnerable/1/page?id=SLEEP(0.8),8.233472
588,http://localhost:5000/vulnerable/1/page?id=SLEEP(0.8),9.867878
589,http://localhost:5000/vulnerable/1/page?id=SLEEP(0.8),5.575147
590,http://localhost:5000/vulnerable/1/page?id=SLEEP(0.8),5.899002
591,http://localhost:5000/vulnerable/1/page?id=SLEEP(0.8),5.92351
592,http://localhost:5000/vulnerable/1/page?id=SLEEP(0.8),7.766302
593,http://localhost:5000/vulnerable/1/page?id=SLEEP(0.8),5.574349
594,http://localhost:5000/vulnerable/1/page?id=SLEEP(0.8),10.026282
595,http://localhost:5000/vulnerable/1/page?id=SLEEP(0.8),5.287827
596,http://localhost:5000/vulnerable/1/page?id=SLEEP(0.8),7.416723
597,http://localhost:5000/vulnerable/1/page?id=SLEEP(0.8),5.253232
598,http://localhost:5000/vulnerable/1/page?id=SLEEP(0.8),6.178783
599,http://localhost:5000/vulnerable/1/page?id=SLEEP(0.8),5.72078
